{"cameraMode":{"drawMode":0,"name":"Shaded","section":"Shading Mode"},"sceneLighting":false,"audioPlay":false,"sceneViewState":{"m_AlwaysRefresh":false,"showFog":true,"showSkybox":false,"showFlares":true,"showImageEffects":true,"showParticleSystems":true,"showVisualEffectGraphs":true,"m_FxEnabled":true},"in2DMode":false,"pivot":{"x":10.557632446289063,"y":57.52634048461914,"z":-0.7831413745880127},"rotation":{"x":-0.09466339647769928,"y":-0.011349819600582123,"z":0.001084964838810265,"w":-0.995470404624939},"size":41.51907730102539,"orthographic":false}